abadia a isola,staggia,3943.5861657554074
monteriggioni,casa nagli,4582.425363560589
monteriggioni,petraio,4040.6818551679175
monteriggioni,quercegrossa,6983.9040836021895
villa bertolli,abadia a isola,1853.2858423846617